[
    {
        "id": "100",
        "name": "Atta Shah",
        "email": "atta@example.com",
        "country": "PK",
        "age": "30"
    },
    {
        "id": "101",
        "name": "Alex Jones",
        "email": "alex@example.com",
        "country": "DE",
        "age": "35"
    },
    {
        "id": "102",
        "name": "Jovan Lee",
        "email": "jovan@example.com",
        "country": "FR",
        "age": "25"
    },
    {
        "id": "103",
        "name": "Greg Hover",
        "email": "greg@example.com",
        "country": "US",
        "age": "45"
    }
]